record timestamp,client timestamp,button,state,x,y
1.042,1.042,NoButton,Move,37,150
1.043,1.043,NoButton,Move,37,150
1.063,1.063,NoButton,Move,143,135
1.077,1.077,NoButton,Move,225,128
1.094,1.094,NoButton,Move,334,123
1.109,1.109,NoButton,Move,419,119
1.127,1.127,NoButton,Move,487,117
1.1440000000000001,1.1440000000000001,NoButton,Move,494,116
1.161,1.161,NoButton,Move,524,114
1.177,1.177,NoButton,Move,543,111
1.194,1.194,NoButton,Move,552,110
1.21,1.21,NoButton,Move,558,109
1.227,1.227,NoButton,Move,560,109
1.244,1.244,NoButton,Move,561,108
1.2610000000000001,1.2610000000000001,NoButton,Move,556,106
1.2770000000000001,1.2770000000000001,NoButton,Move,532,106
1.294,1.294,NoButton,Move,495,106
1.311,1.311,NoButton,Move,450,122
1.327,1.327,NoButton,Move,401,151
1.343,1.343,NoButton,Move,355,189
1.36,1.36,NoButton,Move,344,203
1.377,1.377,NoButton,Move,332,223
1.3940000000000001,1.3940000000000001,NoButton,Move,321,243
1.411,1.411,NoButton,Move,316,260
1.427,1.427,NoButton,Move,313,275
1.444,1.444,NoButton,Move,312,292
1.461,1.461,NoButton,Move,312,302
1.477,1.477,NoButton,Move,313,311
1.494,1.494,NoButton,Move,314,318
1.51,1.51,NoButton,Move,316,326
1.5270000000000001,1.5270000000000001,NoButton,Move,316,334
1.543,1.544,NoButton,Move,316,340
1.56,1.56,NoButton,Move,316,346
1.577,1.577,NoButton,Move,316,352
1.593,1.593,NoButton,Move,316,356
1.61,1.61,NoButton,Move,316,361
1.627,1.627,NoButton,Move,314,366
1.643,1.643,NoButton,Move,312,370
1.6600000000000001,1.6600000000000001,NoButton,Move,310,376
1.677,1.677,NoButton,Move,307,382
1.694,1.694,NoButton,Move,303,388
1.711,1.711,NoButton,Move,300,395
1.727,1.727,NoButton,Move,296,402
1.744,1.744,NoButton,Move,292,408
1.7610000000000001,1.7610000000000001,NoButton,Move,290,411
1.7770000000000001,1.7770000000000001,NoButton,Move,287,415
1.793,1.793,NoButton,Move,285,417
1.81,1.81,NoButton,Move,283,418
1.827,1.827,NoButton,Move,280,418
1.844,1.844,NoButton,Move,275,416
1.861,1.861,NoButton,Move,263,408
1.877,1.877,NoButton,Move,251,397
1.8940000000000001,1.8940000000000001,NoButton,Move,237,382
1.9100000000000001,1.9100000000000001,NoButton,Move,222,364
1.927,1.927,NoButton,Move,212,350
1.944,1.944,NoButton,Move,199,333
1.96,1.96,NoButton,Move,190,322
1.977,1.977,NoButton,Move,186,316
1.994,1.994,NoButton,Move,181,311
2.0100000000000002,2.0100000000000002,NoButton,Move,178,305
2.027,2.027,NoButton,Move,178,298
2.044,2.044,NoButton,Move,178,290
2.06,2.06,NoButton,Move,179,281
2.077,2.077,NoButton,Move,181,276
2.094,2.094,NoButton,Move,184,271
2.111,2.111,NoButton,Move,189,265
2.127,2.127,NoButton,Move,194,261
2.144,2.144,NoButton,Move,201,257
2.16,2.16,NoButton,Move,209,254
2.177,2.177,NoButton,Move,219,251
2.194,2.194,NoButton,Move,228,249
2.21,2.21,NoButton,Move,238,246
2.227,2.227,NoButton,Move,252,242
2.244,2.244,NoButton,Move,256,240
2.2600000000000007,2.2600000000000007,NoButton,Move,259,238
2.277,2.277,NoButton,Move,261,237
2.293,2.293,NoButton,Move,261,236
2.31,2.31,NoButton,Move,262,236
2.327,2.327,NoButton,Move,261,235
2.343,2.343,NoButton,Move,254,234
2.36,2.36,NoButton,Move,244,232
2.377,2.377,NoButton,Move,232,229
2.3930000000000002,2.3930000000000002,NoButton,Move,218,226
2.41,2.41,NoButton,Move,206,223
2.426,2.426,NoButton,Move,198,221
2.443,2.443,NoButton,Move,187,218
2.46,2.46,NoButton,Move,182,217
2.477,2.477,NoButton,Move,176,216
2.494,2.494,NoButton,Move,171,214
2.5100000000000007,2.5100000000000007,NoButton,Move,168,213
2.527,2.527,NoButton,Move,165,212
2.544,2.544,NoButton,Move,163,209
2.561,2.561,NoButton,Move,163,204
2.577,2.577,NoButton,Move,163,192
2.594,2.594,NoButton,Move,167,174
2.61,2.61,NoButton,Move,176,159
2.627,2.627,NoButton,Move,186,142
2.644,2.644,NoButton,Move,198,130
2.66,2.66,NoButton,Move,217,120
2.677,2.677,NoButton,Move,229,119
2.693,2.693,NoButton,Move,259,119
2.709,2.709,NoButton,Move,268,123
2.727,2.727,NoButton,Move,279,131
2.744,2.744,NoButton,Move,291,142
2.7600000000000007,2.7600000000000007,NoButton,Move,302,157
2.777,2.777,NoButton,Move,309,171
2.793,2.793,NoButton,Move,312,184
2.81,2.81,NoButton,Move,313,203
2.827,2.827,NoButton,Move,313,220
2.844,2.844,NoButton,Move,310,241
2.86,2.86,NoButton,Move,304,266
2.877,2.877,NoButton,Move,294,292
2.894,2.894,NoButton,Move,283,319
2.91,2.91,NoButton,Move,271,343
2.927,2.927,NoButton,Move,254,370
2.944,2.944,NoButton,Move,248,378
2.96,2.96,NoButton,Move,237,390
2.977,2.977,NoButton,Move,227,397
2.993,2.993,NoButton,Move,219,399
3.011,3.011,NoButton,Move,207,400
3.027,3.027,NoButton,Move,197,390
3.044,3.044,NoButton,Move,188,376
3.06,3.06,NoButton,Move,183,364
3.077,3.077,NoButton,Move,178,349
3.094,3.094,NoButton,Move,177,334
3.11,3.11,NoButton,Move,177,322
3.126,3.126,NoButton,Move,181,309
3.1430000000000002,3.1430000000000002,NoButton,Move,189,297
3.161,3.161,NoButton,Move,198,288
3.177,3.177,NoButton,Move,210,282
3.194,3.194,NoButton,Move,223,280
3.21,3.21,NoButton,Move,233,280
3.396,3.396,NoButton,Move,233,279
3.402,3.402,NoButton,Move,232,273
3.411,3.411,NoButton,Move,229,265
3.427,3.427,NoButton,Move,226,256
3.444,3.444,NoButton,Move,217,232
3.461,3.461,NoButton,Move,198,184
3.483,3.483,NoButton,Move,161,110
3.5,3.5,NoButton,Move,143,81
3.516,3.516,NoButton,Move,125,52
3.532,3.532,NoButton,Move,108,29
3.549,3.549,NoButton,Move,99,17
3.5660000000000003,3.5660000000000003,NoButton,Move,90,4
30.192,30.192,NoButton,Move,539,5
30.2,30.2,NoButton,Move,499,12
30.218,30.218,NoButton,Move,448,20
30.233,30.233,NoButton,Move,309,37
30.248,30.248,NoButton,Move,199,50
30.264,30.264,NoButton,Move,152,55
30.28,30.28,NoButton,Move,96,62
30.297,30.297,NoButton,Move,42,71
30.313000000000002,30.313000000000002,NoButton,Move,30,74
30.329,30.329,NoButton,Move,11,79
30.346,30.346,NoButton,Move,5,81
30.363,30.363,NoButton,Move,3,83
30.63,30.63,NoButton,Move,3,83
46.868,46.868,NoButton,Move,315,156
47.197,47.197,NoButton,Move,314,156
47.202,47.202,NoButton,Move,312,156
47.213,47.213,NoButton,Move,308,157
47.233000000000004,47.233000000000004,NoButton,Move,301,160
47.25,47.25,NoButton,Move,295,162
47.266,47.266,NoButton,Move,288,165
47.283,47.283,NoButton,Move,281,168
47.299,47.299,NoButton,Move,276,172
47.316,47.316,NoButton,Move,270,178
47.333,47.333,NoButton,Move,265,185
47.349000000000004,47.349000000000004,NoButton,Move,261,194
47.658,47.658,NoButton,Move,262,191
47.664,47.664,NoButton,Move,265,187
47.671,47.671,NoButton,Move,271,183
47.686,47.686,NoButton,Move,276,179
47.7,47.7,NoButton,Move,288,171
47.718,47.718,NoButton,Move,310,159
47.730000000000004,47.730000000000004,NoButton,Move,334,148
47.746,47.746,NoButton,Move,364,139
47.762,47.762,NoButton,Move,394,134
47.778,47.778,NoButton,Move,438,131
47.794000000000004,47.794000000000004,NoButton,Move,477,134
47.811,47.811,NoButton,Move,513,145
47.827,47.827,NoButton,Move,540,157
47.844,47.844,NoButton,Move,554,164
47.861000000000004,47.861000000000004,NoButton,Move,568,173
47.879,47.879,NoButton,Move,574,178
47.894,47.894,NoButton,Move,578,184
47.911,47.911,NoButton,Move,580,187
48.126,48.126,NoButton,Move,579,187
48.132,48.132,NoButton,Move,576,187
48.144,48.144,NoButton,Move,571,185
48.162,48.162,NoButton,Move,558,180
48.177,48.177,NoButton,Move,523,167
48.195,48.195,NoButton,Move,457,141
48.212,48.212,NoButton,Move,408,125
48.229,48.229,NoButton,Move,338,102
48.246,48.246,NoButton,Move,273,88
48.263,48.263,NoButton,Move,212,83
48.28,48.28,NoButton,Move,193,83
48.297000000000004,48.297000000000004,NoButton,Move,162,83
48.314,48.314,NoButton,Move,150,83
48.33,48.33,NoButton,Move,142,84
48.347,48.347,NoButton,Move,139,85
48.364000000000004,48.364000000000004,NoButton,Move,139,86
48.614000000000004,48.614000000000004,NoButton,Move,136,86
48.620000000000005,48.620000000000005,NoButton,Move,130,86
48.631,48.631,NoButton,Move,122,86
48.651,48.651,NoButton,Move,82,86
49.922000000000004,49.922000000000004,NoButton,Move,6,418
49.923,49.923,NoButton,Move,6,418
49.935,49.935,NoButton,Move,63,418
49.949,49.949,NoButton,Move,127,420
49.967,49.967,NoButton,Move,180,425
49.980000000000004,49.980000000000004,NoButton,Move,231,429
49.995000000000005,49.995000000000005,NoButton,Move,237,430
50.011,50.011,NoButton,Move,264,430
50.027,50.027,NoButton,Move,274,430
50.044000000000004,50.044000000000004,NoButton,Move,281,428
50.061,50.061,NoButton,Move,284,427
50.079,50.079,NoButton,Move,284,427
50.312,50.312,NoButton,Move,286,427
50.317,50.317,NoButton,Move,289,426
50.329,50.329,NoButton,Move,292,425
50.344,50.344,NoButton,Move,301,423
50.361000000000004,50.361000000000004,NoButton,Move,309,421
50.378,50.378,NoButton,Move,329,416
50.398,50.398,NoButton,Move,342,414
50.415,50.415,NoButton,Move,357,412
50.431000000000004,50.431000000000004,NoButton,Move,368,409
50.448,50.448,NoButton,Move,375,408
50.465,50.465,NoButton,Move,381,406
50.482,50.482,NoButton,Move,384,405
50.498,50.498,NoButton,Move,385,405
50.515,50.515,NoButton,Move,385,405
50.773,50.773,NoButton,Move,385,405
50.783,50.783,NoButton,Move,386,402
50.800000000000004,50.800000000000004,NoButton,Move,391,396
50.816,50.816,NoButton,Move,397,387
50.833,50.833,NoButton,Move,410,371
50.847,50.847,NoButton,Move,420,357
50.861000000000004,50.861000000000004,NoButton,Move,432,340
50.878,50.878,NoButton,Move,442,327
50.894,50.894,NoButton,Move,451,317
50.91000000000001,50.91000000000001,NoButton,Move,459,307
50.927,50.927,NoButton,Move,464,303
50.944,50.944,NoButton,Move,467,299
50.96,50.96,NoButton,Move,469,297
50.977000000000004,50.977000000000004,NoButton,Move,470,297
51.235,51.235,NoButton,Move,470,295
51.244,51.244,NoButton,Move,471,289
51.261,51.261,NoButton,Move,477,275
51.277,51.277,NoButton,Move,489,250
51.294000000000004,51.294000000000004,NoButton,Move,508,209
51.308,51.308,NoButton,Move,522,177
51.323,51.323,NoButton,Move,532,155
51.339,51.339,NoButton,Move,547,117
51.355000000000004,51.355000000000004,NoButton,Move,557,97
51.372,51.372,NoButton,Move,563,84
51.389,51.389,NoButton,Move,568,75
51.405,51.405,NoButton,Move,570,71
51.422000000000004,51.422000000000004,NoButton,Move,570,71
51.439,51.439,NoButton,Move,571,71
51.656,51.656,NoButton,Move,571,70
51.662,51.662,NoButton,Move,571,66
51.673,51.673,NoButton,Move,573,61
51.694,51.694,NoButton,Move,576,50
51.708,51.708,NoButton,Move,578,41
51.725,51.725,NoButton,Move,580,31
51.742000000000004,51.742000000000004,NoButton,Move,580,25
51.758,51.758,NoButton,Move,581,22
51.775,51.775,NoButton,Move,581,20
51.792,51.792,NoButton,Move,581,18
51.809000000000005,51.809000000000005,NoButton,Move,581,17
51.825,51.825,NoButton,Move,581,15
51.842,51.842,NoButton,Move,580,14
51.859,51.859,NoButton,Move,577,14
51.874,51.874,NoButton,Move,576,13
51.891,51.891,NoButton,Move,566,13
51.909,51.909,NoButton,Move,562,13
51.925000000000004,51.925000000000004,NoButton,Move,552,13
51.942,51.942,NoButton,Move,539,13
51.958,51.958,NoButton,Move,528,13
51.976,51.976,NoButton,Move,515,12
51.992000000000004,51.992000000000004,NoButton,Move,509,10
52.008,52.008,NoButton,Move,505,8
52.025,52.025,NoButton,Move,501,6
52.042,52.042,NoButton,Move,498,4
52.058,52.058,NoButton,Move,496,2
52.075,52.075,NoButton,Move,495,0
52.645,52.645,NoButton,Move,406,0
52.649,52.649,NoButton,Move,403,0
52.66000000000001,52.66000000000001,NoButton,Move,399,0
52.675000000000004,52.675000000000004,NoButton,Move,391,0
52.699,52.699,NoButton,Move,387,0
52.716,52.716,NoButton,Move,384,0
52.733000000000004,52.733000000000004,NoButton,Move,383,0
52.749,52.749,NoButton,Move,382,0
52.766,52.766,NoButton,Move,382,0
52.966,52.966,NoButton,Move,382,0
52.972,52.972,NoButton,Move,380,0
52.983000000000004,52.983000000000004,NoButton,Move,379,0
52.999,52.999,NoButton,Move,377,0
54.378,54.378,NoButton,Move,62,1
54.381,54.381,NoButton,Move,63,5
54.389,54.389,NoButton,Move,64,10
54.402,54.402,NoButton,Move,66,21
54.419000000000004,54.419000000000004,NoButton,Move,73,46
54.436,54.436,NoButton,Move,87,89
54.454,54.454,NoButton,Move,102,128
54.47,54.47,NoButton,Move,113,157
54.487,54.487,NoButton,Move,128,191
54.504,54.504,NoButton,Move,141,220
54.52,54.52,NoButton,Move,149,235
54.538000000000004,54.538000000000004,NoButton,Move,157,254
54.554,54.554,NoButton,Move,164,271
54.57,54.57,NoButton,Move,166,276
54.587,54.587,NoButton,Move,169,282
54.603,54.603,NoButton,Move,171,285
54.621,54.621,NoButton,Move,171,286
54.637,54.637,NoButton,Move,172,286
54.654,54.654,NoButton,Move,173,286
54.837,54.837,NoButton,Move,173,287
54.843,54.843,NoButton,Move,173,292
54.854,54.854,NoButton,Move,173,297
54.870000000000005,54.870000000000005,NoButton,Move,173,307
54.891,54.891,NoButton,Move,173,316
54.906,54.906,NoButton,Move,173,326
54.922000000000004,54.922000000000004,NoButton,Move,173,343
54.94,54.94,NoButton,Move,176,359
54.956,54.956,NoButton,Move,179,374
54.973,54.973,NoButton,Move,182,385
54.99,54.99,NoButton,Move,184,391
55.007,55.007,NoButton,Move,186,397
55.024,55.024,NoButton,Move,187,399
55.04,55.04,NoButton,Move,188,400
55.056000000000004,55.056000000000004,NoButton,Move,188,401
55.282,55.282,NoButton,Move,189,401
55.29,55.29,NoButton,Move,194,401
55.306000000000004,55.306000000000004,NoButton,Move,212,400
55.323,55.323,NoButton,Move,238,399
55.341,55.341,NoButton,Move,299,397
55.354,55.354,NoButton,Move,365,397
55.370000000000005,55.370000000000005,NoButton,Move,395,397
55.387,55.387,NoButton,Move,431,397
55.403,55.403,NoButton,Move,468,398
55.418,55.418,NoButton,Move,484,398
55.436,55.436,NoButton,Move,500,398
55.453,55.453,NoButton,Move,506,398
55.469,55.469,NoButton,Move,511,396
55.485,55.485,NoButton,Move,512,396
55.502,55.502,NoButton,Move,513,396
55.744,55.744,NoButton,Move,514,396
55.753,55.753,NoButton,Move,519,394
55.769,55.769,NoButton,Move,533,388
55.786,55.786,NoButton,Move,548,384
55.802,55.802,NoButton,Move,566,380
55.816,55.816,NoButton,Move,591,375
55.831,55.831,NoButton,Move,606,372
55.848,55.848,NoButton,Move,629,369
55.864000000000004,55.864000000000004,NoButton,Move,653,365
55.881,55.881,NoButton,Move,670,361
55.898,55.898,NoButton,Move,677,360
55.914,55.914,NoButton,Move,683,359
55.931000000000004,55.931000000000004,NoButton,Move,685,358
55.947,55.947,NoButton,Move,686,358
56.156,56.156,NoButton,Move,686,357
56.163000000000004,56.163000000000004,NoButton,Move,684,354
56.181000000000004,56.181000000000004,NoButton,Move,680,344
56.197,56.197,NoButton,Move,668,313
56.213,56.213,NoButton,Move,658,285
56.228,56.228,NoButton,Move,651,263
56.243,56.243,NoButton,Move,650,259
56.26,56.26,NoButton,Move,645,246
56.276,56.276,NoButton,Move,643,240
56.293,56.293,NoButton,Move,642,238
56.309000000000005,56.309000000000005,NoButton,Move,642,238
56.568,56.568,NoButton,Move,642,237
56.577,56.577,NoButton,Move,642,234
56.592,56.592,NoButton,Move,640,225
56.61,56.61,NoButton,Move,638,207
56.627,56.627,NoButton,Move,636,184
56.64,56.64,NoButton,Move,635,168
56.655,56.655,NoButton,Move,634,131
56.672000000000004,56.672000000000004,NoButton,Move,634,122
56.687000000000005,56.687000000000005,NoButton,Move,634,113
56.704,56.704,NoButton,Move,634,106
56.72,56.72,NoButton,Move,634,103
56.737,56.737,NoButton,Move,634,102
56.755,56.755,NoButton,Move,635,102
56.771,56.771,NoButton,Move,635,102
56.786,56.786,NoButton,Move,636,103
56.97,56.97,NoButton,Move,636,103
56.976,56.976,NoButton,Move,635,100
56.987,56.987,NoButton,Move,633,96
57.004,57.004,NoButton,Move,630,89
57.02,57.02,NoButton,Move,625,74
57.037,57.037,NoButton,Move,619,53
57.056000000000004,57.056000000000004,NoButton,Move,614,28
57.072,57.072,NoButton,Move,611,11
57.09,57.09,NoButton,Move,610,1
58.689,58.689,NoButton,Move,196,0
58.694,58.694,NoButton,Move,197,5
58.711,58.711,NoButton,Move,201,14
58.727000000000004,58.727000000000004,NoButton,Move,207,27
58.741,58.741,NoButton,Move,212,41
58.758,58.758,NoButton,Move,213,45
58.774,58.774,NoButton,Move,223,77
58.79,58.79,NoButton,Move,224,82
58.807,58.807,NoButton,Move,227,98
58.823,58.823,NoButton,Move,230,108
58.84,58.84,NoButton,Move,231,117
58.857,58.857,NoButton,Move,232,121
58.874,58.874,NoButton,Move,232,123
58.89,58.89,NoButton,Move,233,123
59.26,59.26,NoButton,Move,233,123
59.473,59.473,NoButton,Move,233,123
59.817,59.817,NoButton,Move,233,123
60.119,60.119,NoButton,Move,233,123
60.244,60.244,NoButton,Move,233,123
60.479,60.479,NoButton,Move,233,123
61.001000000000005,61.001000000000005,NoButton,Move,233,123
61.009,61.009,NoButton,Move,233,130
61.027,61.027,NoButton,Move,233,145
61.043,61.043,NoButton,Move,236,164
61.06,61.06,NoButton,Move,239,184
61.081,61.081,NoButton,Move,243,218
61.098,61.098,NoButton,Move,246,236
61.115,61.115,NoButton,Move,247,256
61.132,61.132,NoButton,Move,248,270
61.149,61.149,NoButton,Move,247,286
61.166000000000004,61.166000000000004,NoButton,Move,246,293
61.182,61.182,NoButton,Move,244,299
61.777,61.777,NoButton,Move,244,299
61.917,61.917,NoButton,Move,244,299
61.923,61.923,NoButton,Move,244,296
61.931000000000004,61.931000000000004,NoButton,Move,245,293
61.944,61.944,NoButton,Move,247,289
61.962,61.962,NoButton,Move,252,278
61.975,61.975,NoButton,Move,264,258
61.989000000000004,61.989000000000004,NoButton,Move,281,236
62.005,62.005,NoButton,Move,291,225
62.022,62.022,NoButton,Move,311,209
62.039,62.039,NoButton,Move,342,195
62.054,62.054,NoButton,Move,353,193
62.071,62.071,NoButton,Move,368,192
62.088,62.088,NoButton,Move,386,190
62.104,62.104,NoButton,Move,402,190
62.121,62.121,NoButton,Move,414,190
62.138,62.138,NoButton,Move,420,191
62.154,62.154,NoButton,Move,422,191
62.171,62.171,NoButton,Move,425,192
62.288000000000004,62.288000000000004,NoButton,Move,425,193
62.294000000000004,62.294000000000004,NoButton,Move,425,196
62.305,62.305,NoButton,Move,427,199
62.324,62.324,NoButton,Move,432,209
62.341,62.341,NoButton,Move,441,226
62.357,62.357,NoButton,Move,452,247
62.375,62.375,NoButton,Move,463,269
62.391,62.391,NoButton,Move,472,288
62.408,62.408,NoButton,Move,482,308
62.425000000000004,62.425000000000004,NoButton,Move,490,328
62.442,62.442,NoButton,Move,495,344
62.458,62.458,NoButton,Move,501,360
62.475,62.475,NoButton,Move,505,375
62.492000000000004,62.492000000000004,NoButton,Move,508,386
62.508,62.508,NoButton,Move,509,389
62.725,62.725,NoButton,Move,509,389
62.732,62.732,NoButton,Move,509,391
62.744,62.744,NoButton,Move,508,394
62.761,62.761,NoButton,Move,507,401
62.778,62.778,NoButton,Move,507,416
62.796,62.796,NoButton,Move,507,441
62.812000000000005,62.812000000000005,NoButton,Move,507,462
62.829,62.829,NoButton,Move,511,486
62.846,62.846,NoButton,Move,516,504
62.862,62.862,NoButton,Move,521,519
62.879,62.879,NoButton,Move,527,530
62.896,62.896,NoButton,Move,533,539
62.912,62.912,NoButton,Move,538,543
62.929,62.929,NoButton,Move,543,548
63.179,63.179,NoButton,Move,545,548
63.184000000000005,63.184000000000005,NoButton,Move,551,548
63.198,63.198,NoButton,Move,558,551
63.215,63.215,NoButton,Move,575,558
63.232,63.232,NoButton,Move,601,571
63.249,63.249,NoButton,Move,628,589
63.265,63.265,NoButton,Move,660,613
63.283,63.283,NoButton,Move,680,627
63.299,63.299,NoButton,Move,699,643
63.316,63.316,NoButton,Move,706,650
63.608000000000004,63.608000000000004,NoButton,Move,707,665
63.614000000000004,63.614000000000004,NoButton,Move,704,667
63.621,63.621,NoButton,Move,701,670
63.634,63.634,NoButton,Move,699,673
63.652,63.652,NoButton,Move,695,676
63.665,63.665,NoButton,Move,691,681
63.679,63.679,NoButton,Move,689,682
63.695,63.695,NoButton,Move,688,684
63.711,63.711,NoButton,Move,688,685
63.728,63.728,NoButton,Move,688,685
63.745000000000005,63.745000000000005,NoButton,Move,688,686
63.762,63.762,NoButton,Move,688,686
63.778,63.778,NoButton,Move,689,686
63.795,63.795,NoButton,Move,690,687
64.257,64.257,NoButton,Move,690,687
64.628,64.628,NoButton,Move,690,687
64.637,64.637,NoButton,Move,687,686
64.648,64.648,NoButton,Move,684,684
64.666,64.666,NoButton,Move,672,678
64.682,64.682,NoButton,Move,651,668
64.703,64.703,NoButton,Move,623,655
64.72,64.72,NoButton,Move,595,643
64.736,64.736,NoButton,Move,575,636
64.753,64.753,NoButton,Move,549,629
64.77,64.77,NoButton,Move,541,628
64.786,64.786,NoButton,Move,535,626
64.803,64.803,NoButton,Move,532,626
64.819,64.819,NoButton,Move,531,626
65.172,65.172,NoButton,Move,530,626
65.182,65.182,NoButton,Move,525,627
65.19200000000001,65.19200000000001,NoButton,Move,522,628
65.214,65.214,NoButton,Move,517,629
65.228,65.228,NoButton,Move,515,630
65.245,65.245,NoButton,Move,514,630
65.265,65.265,NoButton,Move,514,630
65.296,65.296,NoButton,Move,514,630
65.519,65.519,NoButton,Move,512,630
65.525,65.525,NoButton,Move,507,630
65.533,65.533,NoButton,Move,500,630
65.547,65.547,NoButton,Move,493,628
65.564,65.564,NoButton,Move,474,623
65.577,65.577,NoButton,Move,429,611
65.59100000000001,65.59100000000001,NoButton,Move,400,603
65.607,65.607,NoButton,Move,334,585
65.624,65.624,NoButton,Move,312,579
65.64,65.64,NoButton,Move,290,572
65.656,65.656,NoButton,Move,278,568
65.673,65.673,NoButton,Move,270,565
65.689,65.689,NoButton,Move,268,564
66.392,66.392,NoButton,Move,268,564
66.731,66.731,NoButton,Move,267,564
66.738,66.738,NoButton,Move,261,564
66.748,66.748,NoButton,Move,255,564
66.767,66.767,NoButton,Move,240,566
66.784,66.784,NoButton,Move,206,573
66.803,66.803,NoButton,Move,150,587
66.819,66.819,NoButton,Move,86,608
66.83500000000001,66.83500000000001,NoButton,Move,46,623
66.852,66.852,NoButton,Move,17,634
66.869,66.869,NoButton,Move,0,642
67.243,67.243,NoButton,Move,1,686
67.25,67.25,NoButton,Move,6,688
67.269,67.269,NoButton,Move,15,691
67.285,67.285,NoButton,Move,25,692
67.301,67.301,NoButton,Move,31,692
67.318,67.318,NoButton,Move,37,692
67.334,67.334,NoButton,Move,42,692
67.351,67.351,NoButton,Move,45,691
67.368,67.368,NoButton,Move,46,690
67.384,67.384,NoButton,Move,47,690
67.401,67.401,NoButton,Move,48,689
67.417,67.417,NoButton,Move,48,689
68.014,68.014,NoButton,Move,48,689
68.231,68.231,NoButton,Move,48,689
68.237,68.237,NoButton,Move,48,683
68.247,68.247,NoButton,Move,48,676
68.261,68.261,NoButton,Move,51,661
68.277,68.277,NoButton,Move,53,652
68.297,68.297,NoButton,Move,60,627
68.317,68.317,NoButton,Move,69,595
68.333,68.333,NoButton,Move,75,576
68.351,68.351,NoButton,Move,79,564
68.368,68.368,NoButton,Move,83,554
68.385,68.385,NoButton,Move,85,550
68.401,68.401,NoButton,Move,86,548
69.346,69.346,NoButton,Move,86,548
69.524,69.524,NoButton,Move,86,548
69.531,69.531,NoButton,Move,92,539
69.538,69.538,NoButton,Move,102,530
69.549,69.549,NoButton,Move,114,521
69.566,69.566,NoButton,Move,140,504
69.589,69.589,NoButton,Move,169,487
69.605,69.605,NoButton,Move,225,457
69.62,69.62,NoButton,Move,259,444
69.639,69.639,NoButton,Move,284,434
69.655,69.655,NoButton,Move,307,424
69.672,69.672,NoButton,Move,315,420
69.689,69.689,NoButton,Move,321,418
69.706,69.706,NoButton,Move,323,416
69.72200000000001,69.72200000000001,NoButton,Move,324,416
69.936,69.936,NoButton,Move,324,416
69.942,69.942,NoButton,Move,325,413
69.956,69.956,NoButton,Move,328,408
69.973,69.973,NoButton,Move,336,396
69.99,69.99,NoButton,Move,352,376
70.007,70.007,NoButton,Move,371,354
70.023,70.023,NoButton,Move,385,339
70.04,70.04,NoButton,Move,401,325
70.057,70.057,NoButton,Move,409,318
70.074,70.074,NoButton,Move,416,312
70.09100000000001,70.09100000000001,NoButton,Move,421,308
70.106,70.106,NoButton,Move,423,307
70.124,70.124,NoButton,Move,424,307
70.14,70.14,NoButton,Move,424,307
70.157,70.157,NoButton,Move,424,307
70.366,70.366,NoButton,Move,425,306
70.372,70.372,NoButton,Move,430,301
70.381,70.381,NoButton,Move,436,296
70.391,70.391,NoButton,Move,442,290
70.408,70.408,NoButton,Move,454,277
70.425,70.425,NoButton,Move,473,260
70.439,70.439,NoButton,Move,494,239
70.453,70.453,NoButton,Move,498,234
70.47,70.47,NoButton,Move,512,220
70.486,70.486,NoButton,Move,519,214
70.503,70.503,NoButton,Move,525,210
70.52,70.52,NoButton,Move,527,208
70.536,70.536,NoButton,Move,528,208
71.063,71.063,NoButton,Move,528,208
71.258,71.258,NoButton,Move,528,208
71.539,71.539,NoButton,Move,528,208
71.545,71.545,NoButton,Move,528,209
71.561,71.561,NoButton,Move,528,215
71.584,71.584,NoButton,Move,528,227
71.601,71.601,NoButton,Move,523,251
71.623,71.623,NoButton,Move,511,298
71.645,71.645,NoButton,Move,494,343
71.663,71.663,NoButton,Move,486,365
71.68,71.68,NoButton,Move,481,379
71.69800000000001,71.69800000000001,NoButton,Move,477,390
71.714,71.714,NoButton,Move,476,395
71.731,71.731,NoButton,Move,476,396
72.26,72.26,NoButton,Move,476,396
72.689,72.689,NoButton,Move,476,396
73.217,73.217,NoButton,Move,476,396
73.473,73.473,NoButton,Move,476,396
73.48,73.48,NoButton,Move,474,395
73.487,73.487,NoButton,Move,472,394
73.5,73.5,NoButton,Move,470,392
73.515,73.515,NoButton,Move,461,386
73.529,73.529,NoButton,Move,441,373
73.544,73.544,NoButton,Move,420,359
73.56,73.56,NoButton,Move,396,344
73.57600000000001,73.57600000000001,NoButton,Move,364,323
73.593,73.593,NoButton,Move,337,305
73.61,73.61,NoButton,Move,320,294
73.627,73.627,NoButton,Move,304,284
73.643,73.643,NoButton,Move,296,280
73.66,73.66,NoButton,Move,291,277
73.676,73.676,NoButton,Move,289,276
73.693,73.693,NoButton,Move,288,276
73.9,73.9,NoButton,Move,288,276
73.909,73.909,NoButton,Move,286,276
73.916,73.916,NoButton,Move,283,275
73.927,73.927,NoButton,Move,279,273
73.943,73.943,NoButton,Move,269,267
73.95700000000001,73.95700000000001,NoButton,Move,256,259
73.97200000000001,73.97200000000001,NoButton,Move,250,255
73.988,73.988,NoButton,Move,236,245
74.004,74.004,NoButton,Move,224,236
74.02,74.02,NoButton,Move,214,229
74.037,74.037,NoButton,Move,205,223
74.055,74.055,NoButton,Move,199,219
74.07000000000002,74.07000000000002,NoButton,Move,193,216
74.087,74.087,NoButton,Move,191,215
74.10300000000001,74.10300000000001,NoButton,Move,190,215
74.312,74.312,NoButton,Move,190,214
74.319,74.319,NoButton,Move,188,212
74.327,74.327,NoButton,Move,187,210
74.33800000000001,74.33800000000001,NoButton,Move,186,207
74.355,74.355,NoButton,Move,181,198
74.368,74.368,NoButton,Move,175,188
74.384,74.384,NoButton,Move,172,182
74.4,74.4,NoButton,Move,168,174
74.416,74.416,NoButton,Move,165,168
74.433,74.433,NoButton,Move,161,163
74.449,74.449,NoButton,Move,158,160
74.46600000000001,74.46600000000001,NoButton,Move,156,157
74.482,74.482,NoButton,Move,156,156
74.499,74.499,NoButton,Move,155,156
74.525,74.525,NoButton,Move,157,156
74.642,74.642,NoButton,Move,157,156
74.648,74.648,NoButton,Move,160,156
74.657,74.657,NoButton,Move,163,156
74.666,74.666,NoButton,Move,168,156
74.683,74.683,NoButton,Move,181,157
74.697,74.697,NoButton,Move,187,157
74.714,74.714,NoButton,Move,212,157
74.73,74.73,NoButton,Move,240,157
74.747,74.747,NoButton,Move,278,157
74.762,74.762,NoButton,Move,311,153
74.78,74.78,NoButton,Move,342,150
74.796,74.796,NoButton,Move,357,148
74.819,74.819,NoButton,Move,380,145
74.83,74.83,NoButton,Move,387,144
74.846,74.846,NoButton,Move,391,144
74.863,74.863,NoButton,Move,395,144
74.88,74.88,NoButton,Move,398,144
74.896,74.896,NoButton,Move,399,144
74.913,74.913,NoButton,Move,399,144
75.681,75.681,NoButton,Move,401,144
75.688,75.688,NoButton,Move,404,142
75.697,75.697,NoButton,Move,407,141
75.711,75.711,NoButton,Move,412,139
75.729,75.729,NoButton,Move,430,133
75.745,75.745,NoButton,Move,455,127
75.766,75.766,NoButton,Move,492,124
75.785,75.785,NoButton,Move,508,124
75.802,75.802,NoButton,Move,526,124
75.82000000000002,75.82000000000002,NoButton,Move,535,124
75.837,75.837,NoButton,Move,542,124
75.85300000000001,75.85300000000001,NoButton,Move,547,124
75.87,75.87,NoButton,Move,550,124
75.886,75.886,NoButton,Move,552,124
75.904,75.904,NoButton,Move,555,121
75.92,75.92,NoButton,Move,557,120
75.937,75.937,NoButton,Move,560,116
75.953,75.953,NoButton,Move,565,111
75.97,75.97,NoButton,Move,569,104
75.987,75.987,NoButton,Move,573,96
76.003,76.003,NoButton,Move,577,85
76.02,76.02,NoButton,Move,583,63
76.037,76.037,NoButton,Move,585,54
76.054,76.054,NoButton,Move,588,42
76.07000000000002,76.07000000000002,NoButton,Move,589,33
76.086,76.086,NoButton,Move,589,25
76.10300000000001,76.10300000000001,NoButton,Move,589,19
76.12,76.12,NoButton,Move,587,14
76.136,76.136,NoButton,Move,586,11
76.153,76.153,NoButton,Move,584,9
76.171,76.171,NoButton,Move,579,8
76.186,76.186,NoButton,Move,571,8
76.20400000000001,76.20400000000001,NoButton,Move,559,8
76.21900000000001,76.21900000000001,NoButton,Move,532,14
76.236,76.236,NoButton,Move,511,21
76.252,76.252,NoButton,Move,478,30
76.271,76.271,NoButton,Move,442,37
76.286,76.286,NoButton,Move,401,44
76.302,76.302,NoButton,Move,367,47
76.319,76.319,NoButton,Move,336,50
76.336,76.336,NoButton,Move,317,51
76.352,76.352,NoButton,Move,298,54
76.369,76.369,NoButton,Move,284,55
76.385,76.385,NoButton,Move,277,56
76.403,76.403,NoButton,Move,269,56
76.419,76.419,NoButton,Move,265,56
76.436,76.436,NoButton,Move,261,55
76.452,76.452,NoButton,Move,260,54
76.46900000000001,76.46900000000001,NoButton,Move,259,54
76.743,76.743,NoButton,Move,258,54
76.75,76.75,NoButton,Move,255,54
76.758,76.758,NoButton,Move,252,53
76.77,76.77,NoButton,Move,247,52
76.786,76.786,NoButton,Move,223,47
76.8,76.8,NoButton,Move,173,40
76.815,76.815,NoButton,Move,163,38
76.831,76.831,NoButton,Move,100,34
76.84700000000001,76.84700000000001,NoButton,Move,67,34
76.864,76.864,NoButton,Move,26,34
78.189,78.189,NoButton,Move,2,79
78.19,78.19,NoButton,Move,2,79
78.197,78.197,NoButton,Move,13,81
78.214,78.214,NoButton,Move,31,86
78.231,78.231,NoButton,Move,40,88
78.252,78.252,NoButton,Move,51,91
78.271,78.271,NoButton,Move,53,92
78.288,78.288,NoButton,Move,54,92
78.305,78.305,NoButton,Move,54,92
78.526,78.526,NoButton,Move,56,92
78.531,78.531,NoButton,Move,63,90
78.539,78.539,NoButton,Move,71,87
78.555,78.555,NoButton,Move,79,85
78.572,78.572,NoButton,Move,99,80
78.593,78.593,NoButton,Move,135,68
78.612,78.612,NoButton,Move,145,64
78.628,78.628,NoButton,Move,153,61
78.645,78.645,NoButton,Move,156,58
78.662,78.662,NoButton,Move,157,54
78.679,78.679,NoButton,Move,157,49
78.69500000000002,78.69500000000002,NoButton,Move,153,37
78.712,78.712,NoButton,Move,147,23
78.729,78.729,NoButton,Move,139,11
79.962,79.962,NoButton,Move,636,13
79.96600000000001,79.96600000000001,NoButton,Move,631,38
79.986,79.986,NoButton,Move,625,69
80.002,80.002,NoButton,Move,617,108
80.018,80.018,NoButton,Move,610,138
80.035,80.035,NoButton,Move,605,163
80.052,80.052,NoButton,Move,602,179
80.068,80.068,NoButton,Move,600,194
80.08500000000001,80.08500000000001,NoButton,Move,598,206
80.101,80.101,NoButton,Move,598,211
80.118,80.118,NoButton,Move,598,216
80.135,80.135,NoButton,Move,598,218
80.152,80.152,NoButton,Move,598,219
80.168,80.168,NoButton,Move,598,219
80.37,80.37,NoButton,Move,598,221
80.376,80.376,NoButton,Move,597,226
80.385,80.385,NoButton,Move,597,232
80.401,80.401,NoButton,Move,596,239
80.417,80.417,NoButton,Move,595,254
80.437,80.437,NoButton,Move,592,288
80.455,80.455,NoButton,Move,591,323
80.47200000000001,80.47200000000001,NoButton,Move,590,357
80.49,80.49,NoButton,Move,590,395
80.506,80.506,NoButton,Move,591,429
80.523,80.523,NoButton,Move,595,452
80.54,80.54,NoButton,Move,598,468
80.558,80.558,NoButton,Move,600,481
80.575,80.575,NoButton,Move,601,489
80.59100000000001,80.59100000000001,NoButton,Move,602,492
80.608,80.608,NoButton,Move,603,493
80.624,80.624,NoButton,Move,604,494
80.849,80.849,NoButton,Move,604,494
80.859,80.859,NoButton,Move,601,497
80.876,80.876,NoButton,Move,592,505
80.892,80.892,NoButton,Move,574,519
80.908,80.908,NoButton,Move,551,538
80.921,80.921,NoButton,Move,525,561
80.937,80.937,NoButton,Move,514,572
80.953,80.953,NoButton,Move,493,593
80.96900000000001,80.96900000000001,NoButton,Move,482,609
80.986,80.986,NoButton,Move,474,620
81.003,81.003,NoButton,Move,466,630
81.02,81.02,NoButton,Move,463,635
81.036,81.036,NoButton,Move,461,637
81.053,81.053,NoButton,Move,460,638
81.069,81.069,NoButton,Move,460,638
81.087,81.087,NoButton,Move,460,637
81.221,81.221,NoButton,Move,460,637
81.226,81.226,NoButton,Move,456,635
81.236,81.236,NoButton,Move,451,630
81.253,81.253,NoButton,Move,436,620
81.27,81.27,NoButton,Move,418,608
81.286,81.286,NoButton,Move,382,584
81.307,81.307,NoButton,Move,315,543
81.324,81.324,NoButton,Move,245,509
81.34,81.34,NoButton,Move,174,483
81.358,81.358,NoButton,Move,138,471
81.375,81.375,NoButton,Move,115,464
81.391,81.391,NoButton,Move,94,456
81.408,81.408,NoButton,Move,87,453
81.424,81.424,NoButton,Move,81,451
81.44,81.44,NoButton,Move,80,450
81.45700000000001,81.45700000000001,NoButton,Move,80,450
81.681,81.681,NoButton,Move,80,449
81.687,81.687,NoButton,Move,80,442
81.69500000000002,81.69500000000002,NoButton,Move,80,432
81.70700000000001,81.70700000000001,NoButton,Move,80,423
81.724,81.724,NoButton,Move,80,400
81.737,81.737,NoButton,Move,80,360
81.752,81.752,NoButton,Move,80,332
81.769,81.769,NoButton,Move,80,293
81.785,81.785,NoButton,Move,80,246
81.801,81.801,NoButton,Move,80,209
81.818,81.818,NoButton,Move,79,180
81.836,81.836,NoButton,Move,77,163
81.852,81.852,NoButton,Move,74,130
81.868,81.868,NoButton,Move,74,120
81.884,81.884,NoButton,Move,73,115
81.901,81.901,NoButton,Move,73,111
81.917,81.917,NoButton,Move,73,110
82.127,82.127,NoButton,Move,73,109
82.135,82.135,NoButton,Move,73,105
82.152,82.152,NoButton,Move,73,91
82.168,82.168,NoButton,Move,77,65
82.186,82.186,NoButton,Move,84,27
82.2,82.2,NoButton,Move,88,5
82.215,82.215,NoButton,Move,89,1
90.631,90.631,NoButton,Move,658,4
90.634,90.634,NoButton,Move,650,14
90.643,90.643,NoButton,Move,632,36
90.658,90.658,NoButton,Move,608,66
90.675,90.675,NoButton,Move,554,149
90.692,90.692,NoButton,Move,509,228
90.714,90.714,NoButton,Move,464,317
90.73100000000001,90.73100000000001,NoButton,Move,452,344
90.749,90.749,NoButton,Move,446,357
90.765,90.765,NoButton,Move,443,366
90.78,90.78,NoButton,Move,442,369
90.982,90.982,NoButton,Move,442,369
90.988,90.988,NoButton,Move,442,373
90.998,90.998,NoButton,Move,442,377
91.015,91.015,NoButton,Move,441,389
91.036,91.036,NoButton,Move,441,401
91.049,91.049,NoButton,Move,441,423
91.068,91.068,NoButton,Move,443,437
91.086,91.086,NoButton,Move,446,452
91.102,91.102,NoButton,Move,448,459
91.119,91.119,NoButton,Move,450,467
91.136,91.136,NoButton,Move,451,471
91.153,91.153,NoButton,Move,452,473
91.169,91.169,NoButton,Move,452,474
91.378,91.378,NoButton,Move,452,474
91.384,91.384,NoButton,Move,449,474
91.392,91.392,NoButton,Move,445,472
91.403,91.403,NoButton,Move,441,469
91.42,91.42,NoButton,Move,431,461
91.437,91.437,NoButton,Move,408,439
91.45,91.45,NoButton,Move,387,414
91.46600000000001,91.46600000000001,NoButton,Move,383,408
91.482,91.482,NoButton,Move,373,395
91.498,91.498,NoButton,Move,367,385
91.515,91.515,NoButton,Move,364,380
91.531,91.531,NoButton,Move,363,378
91.548,91.548,NoButton,Move,363,378
91.564,91.564,NoButton,Move,362,377
91.749,91.749,NoButton,Move,362,376
91.755,91.755,NoButton,Move,362,372
91.766,91.766,NoButton,Move,360,367
91.784,91.784,NoButton,Move,357,354
91.801,91.801,NoButton,Move,351,332
91.818,91.818,NoButton,Move,344,300
91.83500000000001,91.83500000000001,NoButton,Move,339,282
91.852,91.852,NoButton,Move,335,268
91.869,91.869,NoButton,Move,332,258
91.886,91.886,NoButton,Move,331,253
91.901,91.901,NoButton,Move,330,252
91.919,91.919,NoButton,Move,330,252
92.178,92.178,NoButton,Move,330,251
92.185,92.185,NoButton,Move,328,247
92.203,92.203,NoButton,Move,326,239
92.21900000000001,92.21900000000001,NoButton,Move,323,231
92.236,92.236,NoButton,Move,321,222
92.249,92.249,NoButton,Move,318,212
92.266,92.266,NoButton,Move,316,208
92.282,92.282,NoButton,Move,314,201
92.298,92.298,NoButton,Move,313,198
92.314,92.314,NoButton,Move,312,196
92.331,92.331,NoButton,Move,311,196
92.348,92.348,NoButton,Move,311,195
92.54,92.54,NoButton,Move,311,195
92.546,92.546,NoButton,Move,315,195
92.555,92.555,NoButton,Move,319,195
92.565,92.565,NoButton,Move,324,196
92.581,92.581,NoButton,Move,330,197
92.599,92.599,NoButton,Move,359,203
92.61200000000001,92.61200000000001,NoButton,Move,389,208
92.628,92.628,NoButton,Move,396,209
92.644,92.644,NoButton,Move,418,214
92.66,92.66,NoButton,Move,429,216
92.677,92.677,NoButton,Move,438,217
92.693,92.693,NoButton,Move,442,218
92.71000000000001,92.71000000000001,NoButton,Move,443,218
92.726,92.726,NoButton,Move,444,218
92.769,92.769,NoButton,Move,444,218
92.96900000000001,92.96900000000001,NoButton,Move,444,218
92.976,92.976,NoButton,Move,448,218
92.994,92.994,NoButton,Move,456,218
93.011,93.011,NoButton,Move,464,218
93.028,93.028,NoButton,Move,475,218
93.042,93.042,NoButton,Move,488,218
93.057,93.057,NoButton,Move,494,218
93.07300000000001,93.07300000000001,NoButton,Move,501,218
93.089,93.089,NoButton,Move,506,217
93.10600000000001,93.10600000000001,NoButton,Move,509,217
93.122,93.122,NoButton,Move,510,217
93.139,93.139,NoButton,Move,510,217
93.373,93.373,NoButton,Move,510,218
93.379,93.379,NoButton,Move,510,219
93.389,93.389,NoButton,Move,512,221
93.409,93.409,NoButton,Move,514,223
93.425,93.425,NoButton,Move,518,226
93.442,93.442,NoButton,Move,526,230
93.459,93.459,NoButton,Move,536,233
93.476,93.476,NoButton,Move,546,235
93.492,93.492,NoButton,Move,554,236
93.509,93.509,NoButton,Move,560,237
93.526,93.526,NoButton,Move,564,238
93.543,93.543,NoButton,Move,566,239
93.56,93.56,NoButton,Move,567,239
93.57600000000001,93.57600000000001,NoButton,Move,568,239
93.735,93.735,NoButton,Move,567,242
93.742,93.742,NoButton,Move,564,248
93.749,93.749,NoButton,Move,563,253
93.76,93.76,NoButton,Move,561,260
93.776,93.776,NoButton,Move,559,265
93.794,93.794,NoButton,Move,553,286
93.807,93.807,NoButton,Move,552,291
93.82300000000001,93.82300000000001,NoButton,Move,547,312
93.84,93.84,NoButton,Move,544,329
93.855,93.855,NoButton,Move,543,338
93.872,93.872,NoButton,Move,542,346
93.888,93.888,NoButton,Move,542,351
93.905,93.905,NoButton,Move,542,355
94.122,94.122,NoButton,Move,540,356
94.129,94.129,NoButton,Move,536,359
94.139,94.139,NoButton,Move,526,365
94.155,94.155,NoButton,Move,507,374
94.172,94.172,NoButton,Move,460,391
94.192,94.192,NoButton,Move,415,404
94.208,94.208,NoButton,Move,384,412
94.22500000000001,94.22500000000001,NoButton,Move,349,423
94.242,94.242,NoButton,Move,331,430
94.259,94.259,NoButton,Move,322,434
94.276,94.276,NoButton,Move,315,437
94.292,94.292,NoButton,Move,313,439
94.308,94.308,NoButton,Move,313,439
94.494,94.494,NoButton,Move,313,439
94.499,94.499,NoButton,Move,310,441
94.51,94.51,NoButton,Move,307,443
94.526,94.526,NoButton,Move,299,447
94.542,94.542,NoButton,Move,287,452
94.56,94.56,NoButton,Move,275,457
94.58,94.58,NoButton,Move,250,467
94.596,94.596,NoButton,Move,235,473
94.614,94.614,NoButton,Move,219,480
94.63,94.63,NoButton,Move,211,483
94.647,94.647,NoButton,Move,206,485
94.664,94.664,NoButton,Move,205,486
94.68,94.68,NoButton,Move,204,486
94.93,94.93,NoButton,Move,204,485
94.936,94.936,NoButton,Move,200,476
94.94800000000001,94.94800000000001,NoButton,Move,195,464
94.97,94.97,NoButton,Move,190,446
94.983,94.983,NoButton,Move,169,363
94.999,94.999,NoButton,Move,165,341
95.016,95.016,NoButton,Move,162,317
95.033,95.033,NoButton,Move,160,299
95.05,95.05,NoButton,Move,159,289
95.067,95.067,NoButton,Move,159,285
95.084,95.084,NoButton,Move,159,283
95.10000000000001,95.10000000000001,NoButton,Move,159,282
95.117,95.117,NoButton,Move,159,282
95.316,95.316,NoButton,Move,159,282
95.32300000000001,95.32300000000001,NoButton,Move,159,278
95.333,95.333,NoButton,Move,159,274
95.35000000000001,95.35000000000001,NoButton,Move,159,267
95.37,95.37,NoButton,Move,159,259
95.387,95.387,NoButton,Move,159,245
95.403,95.403,NoButton,Move,159,229
95.42,95.42,NoButton,Move,161,215
95.437,95.437,NoButton,Move,162,207
95.45400000000001,95.45400000000001,NoButton,Move,163,199
95.471,95.471,NoButton,Move,163,195
95.488,95.488,NoButton,Move,163,194
95.504,95.504,NoButton,Move,163,193
95.52,95.52,NoButton,Move,164,193
95.688,95.688,NoButton,Move,164,193
95.694,95.694,NoButton,Move,164,189
95.705,95.705,NoButton,Move,164,185
95.721,95.721,NoButton,Move,164,175
95.738,95.738,NoButton,Move,162,156
95.755,95.755,NoButton,Move,161,128
95.773,95.773,NoButton,Move,159,98
95.792,95.792,NoButton,Move,158,72
95.808,95.808,NoButton,Move,157,55
95.825,95.825,NoButton,Move,155,43
95.84100000000001,95.84100000000001,NoButton,Move,155,34
95.85900000000001,95.85900000000001,NoButton,Move,154,31
95.875,95.875,NoButton,Move,154,30
96.084,96.084,NoButton,Move,153,30
96.092,96.092,NoButton,Move,151,30
96.108,96.108,NoButton,Move,145,30
96.126,96.126,NoButton,Move,137,30
96.143,96.143,NoButton,Move,124,27
96.156,96.156,NoButton,Move,118,25
96.171,96.172,NoButton,Move,107,21
96.188,96.188,NoButton,Move,101,19
96.20400000000001,96.20400000000001,NoButton,Move,96,17
96.22,96.22,NoButton,Move,94,16
96.238,96.238,NoButton,Move,93,15
96.254,96.254,NoButton,Move,93,15
96.271,96.271,NoButton,Move,92,14
96.288,96.288,NoButton,Move,92,14
96.304,96.304,NoButton,Move,92,14
96.529,96.529,NoButton,Move,92,14
96.536,96.536,NoButton,Move,96,14
96.554,96.554,NoButton,Move,109,13
96.57000000000002,96.57000000000002,NoButton,Move,128,12
96.58800000000001,96.58800000000001,NoButton,Move,153,12
96.601,96.601,NoButton,Move,168,12
96.617,96.617,NoButton,Move,197,12
96.633,96.633,NoButton,Move,217,12
96.65,96.65,NoButton,Move,231,12
96.666,96.666,NoButton,Move,243,12
96.683,96.683,NoButton,Move,248,12
96.7,96.7,NoButton,Move,251,12
96.71600000000001,96.71600000000001,NoButton,Move,251,12
96.732,96.732,NoButton,Move,252,12
96.96600000000001,96.96600000000001,NoButton,Move,252,12
96.97200000000001,96.97200000000001,NoButton,Move,255,12
96.983,96.983,NoButton,Move,258,12
97.002,97.002,NoButton,Move,265,12
97.019,97.019,NoButton,Move,276,12
97.032,97.032,NoButton,Move,293,11
97.052,97.052,NoButton,Move,305,11
97.069,97.069,NoButton,Move,318,11
97.086,97.086,NoButton,Move,326,11
97.10300000000001,97.10300000000001,NoButton,Move,333,11
97.12,97.12,NoButton,Move,337,11
97.136,97.136,NoButton,Move,338,11
97.152,97.152,NoButton,Move,339,11
97.169,97.169,NoButton,Move,339,11
97.35300000000001,97.35300000000001,NoButton,Move,339,11
97.35900000000001,97.35900000000001,NoButton,Move,342,11
97.37,97.37,NoButton,Move,346,11
97.386,97.386,NoButton,Move,354,11
97.405,97.405,NoButton,Move,364,12
97.423,97.423,NoButton,Move,374,12
97.439,97.439,NoButton,Move,391,12
97.45700000000001,97.45700000000001,NoButton,Move,408,13
97.473,97.473,NoButton,Move,422,15
97.489,97.489,NoButton,Move,431,15
97.507,97.507,NoButton,Move,438,15
97.523,97.523,NoButton,Move,442,16
97.54,97.54,NoButton,Move,443,16
97.556,97.556,NoButton,Move,444,16
97.57300000000001,97.57300000000001,NoButton,Move,444,16
97.76,97.76,NoButton,Move,450,16
97.765,97.765,NoButton,Move,456,16
97.773,97.773,NoButton,Move,462,16
97.79,97.79,NoButton,Move,471,16
97.808,97.808,NoButton,Move,498,16
97.827,97.827,NoButton,Move,527,16
97.84700000000001,97.84700000000001,NoButton,Move,558,19
97.864,97.864,NoButton,Move,578,21
97.88,97.88,NoButton,Move,599,22
97.897,97.897,NoButton,Move,607,23
97.914,97.914,NoButton,Move,616,23
97.93,97.93,NoButton,Move,617,23
97.94800000000001,97.94800000000001,NoButton,Move,619,24
97.964,97.964,NoButton,Move,619,24
97.98,97.98,NoButton,Move,618,24
97.997,97.997,NoButton,Move,616,25
98.202,98.202,NoButton,Move,618,25
98.208,98.208,NoButton,Move,621,25
98.215,98.215,NoButton,Move,623,25
98.23100000000001,98.23100000000001,NoButton,Move,626,24
98.248,98.248,NoButton,Move,631,24
98.26,98.26,NoButton,Move,637,23
98.274,98.274,NoButton,Move,643,22
98.29,98.29,NoButton,Move,647,22
98.306,98.306,NoButton,Move,652,22
98.32300000000001,98.32300000000001,NoButton,Move,656,21
98.339,98.339,NoButton,Move,656,21
98.507,98.507,NoButton,Move,656,22
98.514,98.514,NoButton,Move,655,26
98.523,98.523,NoButton,Move,654,31
98.539,98.539,NoButton,Move,649,44
98.556,98.556,NoButton,Move,643,64
98.57300000000001,98.57300000000001,NoButton,Move,633,99
98.593,98.593,NoButton,Move,621,156
98.60900000000001,98.60900000000001,NoButton,Move,613,206
98.627,98.627,NoButton,Move,610,238
98.644,98.644,NoButton,Move,607,274
98.661,98.661,NoButton,Move,606,291
98.677,98.677,NoButton,Move,605,300
98.694,98.694,NoButton,Move,604,307
98.711,98.711,NoButton,Move,604,310
98.727,98.727,NoButton,Move,604,311
98.935,98.935,NoButton,Move,604,312
98.943,98.943,NoButton,Move,604,315
98.961,98.961,NoButton,Move,604,322
98.97800000000001,98.97800000000001,NoButton,Move,604,332
98.995,98.995,NoButton,Move,604,345
99.007,99.007,NoButton,Move,602,369
99.023,99.023,NoButton,Move,601,378
99.04,99.04,NoButton,Move,600,392
99.056,99.056,NoButton,Move,597,408
99.072,99.072,NoButton,Move,596,419
99.089,99.089,NoButton,Move,595,425
99.105,99.105,NoButton,Move,594,429
99.122,99.122,NoButton,Move,594,430
99.138,99.138,NoButton,Move,594,430
99.156,99.156,NoButton,Move,594,430
99.172,99.172,NoButton,Move,594,427
99.339,99.339,NoButton,Move,594,427
99.346,99.346,NoButton,Move,593,432
99.357,99.357,NoButton,Move,592,437
99.375,99.375,NoButton,Move,589,448
99.392,99.392,NoButton,Move,587,460
99.409,99.409,NoButton,Move,585,471
99.425,99.425,NoButton,Move,583,482
99.441,99.441,NoButton,Move,582,490
99.459,99.459,NoButton,Move,581,497
99.476,99.476,NoButton,Move,580,499
99.493,99.493,NoButton,Move,580,501
99.509,99.509,NoButton,Move,580,501
99.677,99.677,NoButton,Move,580,501
99.683,99.683,NoButton,Move,576,501
99.693,99.693,NoButton,Move,571,500
99.71000000000001,99.71000000000001,NoButton,Move,557,497
99.727,99.727,NoButton,Move,529,488
99.743,99.743,NoButton,Move,479,470
99.764,99.764,NoButton,Move,422,451
99.781,99.781,NoButton,Move,380,438
99.797,99.797,NoButton,Move,349,429
99.814,99.814,NoButton,Move,331,426
99.831,99.831,NoButton,Move,316,424
99.848,99.848,NoButton,Move,310,423
99.864,99.864,NoButton,Move,308,423
100.09700000000001,100.09700000000001,NoButton,Move,308,423
100.104,100.104,NoButton,Move,306,423
100.11500000000001,100.11500000000001,NoButton,Move,304,423
100.134,100.134,NoButton,Move,298,422
100.15,100.15,NoButton,Move,287,420
100.167,100.167,NoButton,Move,275,418
100.183,100.183,NoButton,Move,254,414
100.2,100.2,NoButton,Move,240,412
100.217,100.217,NoButton,Move,225,410
100.235,100.235,NoButton,Move,212,409
100.252,100.252,NoButton,Move,205,409
100.267,100.267,NoButton,Move,198,408
100.285,100.285,NoButton,Move,195,408
100.301,100.301,NoButton,Move,194,408
100.483,100.483,NoButton,Move,194,408
100.491,100.491,NoButton,Move,191,408
100.501,100.501,NoButton,Move,187,408
100.52,100.52,NoButton,Move,178,405
100.534,100.534,NoButton,Move,165,400
100.551,100.551,NoButton,Move,135,387
100.57000000000002,100.57000000000002,NoButton,Move,110,371
100.586,100.586,NoButton,Move,83,350
100.604,100.604,NoButton,Move,60,327
100.621,100.621,NoButton,Move,49,314
100.638,100.638,NoButton,Move,43,307
100.654,100.654,NoButton,Move,38,300
100.671,100.671,NoButton,Move,36,297
100.688,100.688,NoButton,Move,36,294
100.70400000000001,100.70400000000001,NoButton,Move,36,291
100.721,100.721,NoButton,Move,37,289
100.914,100.914,NoButton,Move,37,289
100.919,100.919,NoButton,Move,36,286
100.928,100.928,NoButton,Move,34,281
100.938,100.938,NoButton,Move,31,275
100.95400000000001,100.95400000000001,NoButton,Move,24,257
100.971,100.971,NoButton,Move,10,218
100.985,100.985,NoButton,Move,8,212
101.001,101.001,NoButton,Move,0,189
101.354,101.354,NoButton,Move,0,109
101.357,101.357,NoButton,Move,2,103
101.36800000000001,101.36800000000001,NoButton,Move,5,92
101.384,101.384,NoButton,Move,8,83
101.401,101.401,NoButton,Move,11,72
101.418,101.418,NoButton,Move,16,60
101.435,101.435,NoButton,Move,17,57
101.45100000000001,101.45100000000001,NoButton,Move,18,56
101.468,101.468,NoButton,Move,18,56
101.504,101.504,NoButton,Move,18,56
101.669,101.669,NoButton,Move,18,55
101.678,101.678,NoButton,Move,18,53
101.686,101.686,NoButton,Move,18,47
101.7,101.7,NoButton,Move,18,40
101.717,101.717,NoButton,Move,21,24
101.73400000000001,101.73400000000001,NoButton,Move,23,7
102.165,102.165,NoButton,Move,196,0
102.171,102.171,NoButton,Move,204,2
102.186,102.186,NoButton,Move,210,4
102.203,102.203,NoButton,Move,216,6
102.22,102.22,NoButton,Move,223,7
102.236,102.236,NoButton,Move,227,8
102.253,102.253,NoButton,Move,229,8
102.27,102.27,NoButton,Move,229,8
102.46300000000001,102.46300000000001,NoButton,Move,229,8
102.47,102.47,NoButton,Move,232,8
102.488,102.488,NoButton,Move,240,8
102.505,102.505,NoButton,Move,249,8
102.521,102.521,NoButton,Move,261,8
102.534,102.534,NoButton,Move,277,8
102.55,102.55,NoButton,Move,285,8
102.567,102.567,NoButton,Move,297,8
102.583,102.583,NoButton,Move,303,8
102.60000000000001,102.60000000000001,NoButton,Move,309,8
102.616,102.616,NoButton,Move,311,8
102.632,102.632,NoButton,Move,312,8
102.65,102.65,NoButton,Move,313,8
102.666,102.666,NoButton,Move,313,8
102.692,102.692,NoButton,Move,313,8
102.842,102.842,NoButton,Move,313,8
102.85000000000001,102.85000000000001,NoButton,Move,317,8
102.867,102.867,NoButton,Move,327,8
102.883,102.883,NoButton,Move,339,8
102.9,102.9,NoButton,Move,361,11
102.913,102.913,NoButton,Move,373,13
102.93,102.93,NoButton,Move,390,16
102.946,102.946,NoButton,Move,417,21
102.962,102.962,NoButton,Move,430,24
102.979,102.979,NoButton,Move,443,26
102.995,102.995,NoButton,Move,449,27
103.012,103.012,NoButton,Move,455,28
103.029,103.029,NoButton,Move,457,28
103.046,103.046,NoButton,Move,458,28
103.062,103.062,NoButton,Move,459,28
103.08,103.08,NoButton,Move,459,28
103.095,103.095,NoButton,Move,459,28
103.11200000000001,103.11200000000001,NoButton,Move,456,32
103.279,103.279,NoButton,Move,457,32
103.285,103.285,NoButton,Move,460,32
103.295,103.295,NoButton,Move,463,32
103.312,103.312,NoButton,Move,474,31
103.328,103.328,NoButton,Move,486,30
103.345,103.345,NoButton,Move,511,30
103.366,103.366,NoButton,Move,536,30
103.381,103.381,NoButton,Move,553,31
103.398,103.398,NoButton,Move,573,32
103.416,103.416,NoButton,Move,583,33
103.432,103.432,NoButton,Move,592,34
103.449,103.449,NoButton,Move,597,34
103.46600000000001,103.46600000000001,NoButton,Move,600,34
103.483,103.483,NoButton,Move,601,34
103.499,103.499,NoButton,Move,601,35
103.57300000000001,103.57300000000001,NoButton,Move,601,35
103.581,103.581,NoButton,Move,598,35
103.599,103.599,NoButton,Move,590,40
103.616,103.616,NoButton,Move,586,42
103.632,103.632,NoButton,Move,576,49
103.649,103.649,NoButton,Move,556,64
103.666,103.666,NoButton,Move,531,82
103.682,103.682,NoButton,Move,496,106
103.699,103.699,NoButton,Move,474,122
103.71600000000001,103.71600000000001,NoButton,Move,448,142
103.732,103.732,NoButton,Move,430,154
103.749,103.749,NoButton,Move,411,168
103.765,103.765,NoButton,Move,403,174
103.781,103.781,NoButton,Move,399,177
103.799,103.799,NoButton,Move,398,177
103.988,103.988,NoButton,Move,397,177
103.994,103.994,NoButton,Move,394,173
104.001,104.001,NoButton,Move,390,167
104.016,104.016,NoButton,Move,386,158
104.032,104.032,NoButton,Move,369,122
104.044,104.044,NoButton,Move,349,77
104.059,104.059,NoButton,Move,336,44
104.548,104.548,NoButton,Move,59,1
104.554,104.554,NoButton,Move,54,4
104.562,104.562,NoButton,Move,45,10
104.574,104.574,NoButton,Move,38,15
104.59,104.59,NoButton,Move,26,24
104.61,104.61,NoButton,Move,22,28
104.629,104.629,NoButton,Move,19,32
104.645,104.645,NoButton,Move,18,34
104.85300000000001,104.85300000000001,NoButton,Move,17,34
104.861,104.861,NoButton,Move,15,34
104.879,104.879,NoButton,Move,11,33
104.895,104.895,NoButton,Move,6,32
104.91,104.91,NoButton,Move,2,30
104.925,104.925,NoButton,Move,0,28
106.277,106.277,NoButton,Move,287,2
106.283,106.283,NoButton,Move,284,12
106.292,106.292,NoButton,Move,281,25
106.306,106.306,NoButton,Move,277,37
106.32300000000001,106.32300000000001,NoButton,Move,269,63
106.339,106.339,NoButton,Move,261,88
106.357,106.357,NoButton,Move,253,112
106.373,106.373,NoButton,Move,249,125
106.39,106.39,NoButton,Move,246,136
106.407,106.407,NoButton,Move,244,144
106.423,106.423,NoButton,Move,243,150
106.44,106.44,NoButton,Move,243,152
106.45700000000001,106.45700000000001,NoButton,Move,243,154
106.473,106.473,NoButton,Move,243,155
106.491,106.491,NoButton,Move,243,157
106.506,106.506,NoButton,Move,243,158
106.691,106.691,NoButton,Move,243,159
106.697,106.697,NoButton,Move,244,163
106.708,106.708,NoButton,Move,246,166
106.723,106.723,NoButton,Move,249,175
106.74000000000001,106.74000000000001,NoButton,Move,252,183
106.757,106.757,NoButton,Move,260,203
106.778,106.778,NoButton,Move,264,215
106.794,106.794,NoButton,Move,270,227
106.811,106.811,NoButton,Move,275,239
106.827,106.827,NoButton,Move,279,250
106.845,106.845,NoButton,Move,283,258
106.861,106.861,NoButton,Move,285,264
106.878,106.878,NoButton,Move,288,269
106.895,106.895,NoButton,Move,290,273
106.911,106.911,NoButton,Move,291,275
106.928,106.928,NoButton,Move,292,275
107.062,107.062,NoButton,Move,292,276
107.068,107.068,NoButton,Move,288,281
107.07900000000001,107.07900000000001,NoButton,Move,284,287
107.09400000000001,107.09400000000001,NoButton,Move,275,302
107.114,107.114,NoButton,Move,261,324
107.132,107.132,NoButton,Move,238,359
107.148,107.148,NoButton,Move,207,409
107.165,107.165,NoButton,Move,174,460
107.181,107.181,NoButton,Move,145,513
107.199,107.199,NoButton,Move,132,544
107.215,107.215,NoButton,Move,120,576
107.232,107.232,NoButton,Move,116,594
107.249,107.249,NoButton,Move,114,605
107.266,107.266,NoButton,Move,112,615
107.282,107.282,NoButton,Move,111,620
107.298,107.298,NoButton,Move,111,621
107.515,107.515,NoButton,Move,109,622
107.522,107.522,NoButton,Move,106,627
107.532,107.532,NoButton,Move,102,632
107.552,107.552,NoButton,Move,95,645
107.568,107.568,NoButton,Move,78,667
107.58500000000001,107.58500000000001,NoButton,Move,59,692
107.601,107.601,NoButton,Move,47,706
108.003,108.003,NoButton,Move,76,708
108.008,108.008,NoButton,Move,83,705
108.022,108.022,NoButton,Move,90,703
108.039,108.039,NoButton,Move,105,698
108.057,108.057,NoButton,Move,118,694
108.07300000000001,108.07300000000001,NoButton,Move,131,690
108.09100000000001,108.09100000000001,NoButton,Move,142,688
108.107,108.107,NoButton,Move,151,685
108.124,108.124,NoButton,Move,159,684
108.14,108.14,NoButton,Move,164,682
108.157,108.157,NoButton,Move,170,681
108.174,108.174,NoButton,Move,176,679
108.19,108.19,NoButton,Move,179,678
108.37,108.37,NoButton,Move,182,678
108.378,108.378,NoButton,Move,188,678
108.39,108.39,NoButton,Move,195,677
108.406,108.406,NoButton,Move,209,677
108.425,108.425,NoButton,Move,226,677
108.44,108.44,NoButton,Move,241,677
108.45700000000001,108.45700000000001,NoButton,Move,271,677
108.476,108.476,NoButton,Move,300,680
108.491,108.491,NoButton,Move,325,685
108.507,108.507,NoButton,Move,338,687
108.524,108.524,NoButton,Move,349,689
108.54,108.54,NoButton,Move,358,691
108.557,108.557,NoButton,Move,364,692
108.799,108.799,NoButton,Move,366,692
108.806,108.806,NoButton,Move,372,692
108.813,108.813,NoButton,Move,376,692
108.824,108.824,NoButton,Move,381,692
108.84100000000001,108.84100000000001,NoButton,Move,394,692
108.855,108.855,NoButton,Move,406,692
108.87100000000001,108.87100000000001,NoButton,Move,412,692
108.887,108.887,NoButton,Move,437,690
108.904,108.904,NoButton,Move,453,689
108.92,108.92,NoButton,Move,472,688
108.937,108.937,NoButton,Move,488,688
108.952,108.952,NoButton,Move,499,688
108.96900000000001,108.96900000000001,NoButton,Move,510,688
108.986,108.986,NoButton,Move,517,688
109.003,109.003,NoButton,Move,522,688
109.019,109.019,NoButton,Move,526,688
109.037,109.037,NoButton,Move,528,688
109.054,109.054,NoButton,Move,529,688
109.07000000000002,109.07000000000002,NoButton,Move,530,688
109.279,109.279,NoButton,Move,531,688
109.286,109.286,NoButton,Move,535,688
109.293,109.293,NoButton,Move,539,687
109.305,109.305,NoButton,Move,543,686
109.321,109.321,NoButton,Move,548,685
109.337,109.337,NoButton,Move,564,684
109.351,109.351,NoButton,Move,582,683
109.36800000000001,109.36800000000001,NoButton,Move,591,683
109.383,109.383,NoButton,Move,606,683
109.399,109.399,NoButton,Move,614,683
109.416,109.416,NoButton,Move,621,683
109.432,109.432,NoButton,Move,625,683
109.449,109.449,NoButton,Move,628,683
109.46600000000001,109.46600000000001,NoButton,Move,628,683
109.483,109.483,NoButton,Move,629,683
109.5,109.5,NoButton,Move,629,683
109.516,109.516,NoButton,Move,629,683
109.799,109.799,NoButton,Move,629,683
109.805,109.805,NoButton,Move,628,679
109.816,109.816,NoButton,Move,626,673
109.83800000000001,109.83800000000001,NoButton,Move,623,653
109.851,109.851,NoButton,Move,621,625
109.867,109.867,NoButton,Move,620,581
109.884,109.884,NoButton,Move,620,544
109.901,109.901,NoButton,Move,620,519
109.918,109.918,NoButton,Move,620,502
109.935,109.935,NoButton,Move,620,490
109.952,109.952,NoButton,Move,620,484
109.968,109.968,NoButton,Move,621,482
109.985,109.985,NoButton,Move,622,481
110.001,110.001,NoButton,Move,622,481
110.194,110.194,NoButton,Move,622,480
110.2,110.2,NoButton,Move,622,478
110.209,110.209,NoButton,Move,622,475
110.21900000000001,110.21900000000001,NoButton,Move,621,471
110.235,110.235,NoButton,Move,620,466
110.252,110.252,NoButton,Move,616,441
110.266,110.266,NoButton,Move,614,427
110.282,110.282,NoButton,Move,613,420
110.298,110.298,NoButton,Move,612,411
110.314,110.314,NoButton,Move,610,404
113.522,113.522,NoButton,Move,610,404
113.753,113.753,NoButton,Move,608,404
113.76,113.76,NoButton,Move,601,402
113.771,113.771,NoButton,Move,593,400
113.788,113.788,NoButton,Move,567,395
113.804,113.804,NoButton,Move,486,382
113.82000000000002,113.82000000000002,NoButton,Move,419,376
113.839,113.839,NoButton,Move,327,370
113.858,113.858,NoButton,Move,279,370
113.875,113.875,NoButton,Move,247,371
113.894,113.894,NoButton,Move,233,374
113.91,113.91,NoButton,Move,227,376
114.257,114.257,NoButton,Move,229,376
114.263,114.263,NoButton,Move,239,375
114.277,114.277,NoButton,Move,254,375
114.294,114.294,NoButton,Move,305,375
114.31,114.31,NoButton,Move,407,394
114.328,114.328,NoButton,Move,523,429
114.34400000000001,114.34400000000001,NoButton,Move,579,449
114.784,114.784,NoButton,Move,579,448
114.79,114.79,NoButton,Move,579,439
114.802,114.802,NoButton,Move,576,422
114.811,114.811,NoButton,Move,572,400
114.828,114.828,NoButton,Move,551,277
114.845,114.845,NoButton,Move,519,11
115.256,115.256,NoButton,Move,511,29
115.261,115.261,NoButton,Move,509,110
115.272,115.272,NoButton,Move,509,203
115.288,115.288,NoButton,Move,562,529
115.708,115.708,NoButton,Move,600,674
115.714,115.714,NoButton,Move,574,632
115.72500000000001,115.72500000000001,NoButton,Move,539,581
115.742,115.742,NoButton,Move,495,513
115.759,115.759,NoButton,Move,463,465
115.772,115.772,NoButton,Move,442,439
115.787,115.787,NoButton,Move,431,427
115.804,115.804,NoButton,Move,422,418
115.821,115.821,NoButton,Move,417,413
116.12,116.12,NoButton,Move,417,413
116.126,116.126,NoButton,Move,412,413
116.137,116.137,NoButton,Move,407,413
116.156,116.156,NoButton,Move,394,413
116.173,116.173,NoButton,Move,362,415
116.19,116.19,NoButton,Move,335,416
116.206,116.206,NoButton,Move,308,417
116.223,116.223,NoButton,Move,283,418
117.027,117.027,NoButton,Move,283,418
118.245,118.245,NoButton,Move,284,418
118.253,118.253,NoButton,Move,288,417
118.261,118.261,NoButton,Move,295,414
118.276,118.276,NoButton,Move,307,410
118.294,118.294,NoButton,Move,341,397
118.31,118.31,NoButton,Move,387,380
118.327,118.327,NoButton,Move,435,364
118.342,118.342,NoButton,Move,463,354
118.36,118.36,NoButton,Move,486,346
118.37700000000001,118.37700000000001,NoButton,Move,509,336
118.394,118.394,NoButton,Move,516,332
118.41,118.41,NoButton,Move,522,329
118.617,118.617,NoButton,Move,523,327
118.623,118.623,NoButton,Move,526,321
118.631,118.631,NoButton,Move,531,315
118.644,118.644,NoButton,Move,535,308
118.661,118.661,NoButton,Move,551,285
118.674,118.674,NoButton,Move,570,254
118.689,118.689,NoButton,Move,579,239
118.70400000000001,118.70400000000001,NoButton,Move,591,220
118.721,118.721,NoButton,Move,597,209
118.738,118.738,NoButton,Move,601,201
118.755,118.755,NoButton,Move,603,197
118.771,118.771,NoButton,Move,603,197
118.787,118.787,NoButton,Move,604,197
119.011,119.011,NoButton,Move,604,196
119.019,119.019,NoButton,Move,603,192
119.027,119.027,NoButton,Move,602,186
119.037,119.037,NoButton,Move,600,178
119.054,119.054,NoButton,Move,598,157
119.068,119.068,NoButton,Move,598,146
119.08500000000001,119.08500000000001,NoButton,Move,597,115
119.10000000000001,119.10000000000001,NoButton,Move,597,91
119.116,119.116,NoButton,Move,597,75
119.133,119.133,NoButton,Move,597,64
119.149,119.149,NoButton,Move,597,60
119.166,119.166,NoButton,Move,597,59
119.185,119.185,NoButton,Move,597,59
119.199,119.199,NoButton,Move,598,60
119.21600000000001,119.21600000000001,NoButton,Move,599,62
119.409,119.409,NoButton,Move,599,62
119.415,119.415,NoButton,Move,594,62
119.422,119.422,NoButton,Move,587,62
119.433,119.433,NoButton,Move,581,62
119.449,119.449,NoButton,Move,571,62
119.46600000000001,119.46600000000001,NoButton,Move,512,64
119.48,119.48,NoButton,Move,484,67
119.497,119.497,NoButton,Move,428,73
119.512,119.512,NoButton,Move,389,77
119.529,119.529,NoButton,Move,360,81
119.546,119.546,NoButton,Move,343,83
119.562,119.562,NoButton,Move,332,84
119.57900000000001,119.57900000000001,NoButton,Move,327,84
119.595,119.595,NoButton,Move,326,84
119.613,119.613,NoButton,Move,327,84
119.796,119.796,NoButton,Move,327,85
119.802,119.802,NoButton,Move,327,91
119.813,119.813,NoButton,Move,327,99
119.82900000000001,119.82900000000001,NoButton,Move,326,118
119.849,119.849,NoButton,Move,326,142
119.86500000000001,119.86500000000001,NoButton,Move,324,185
119.882,119.882,NoButton,Move,323,252
119.899,119.899,NoButton,Move,323,298
119.916,119.916,NoButton,Move,323,350
119.933,119.933,NoButton,Move,323,378
119.949,119.949,NoButton,Move,326,402
119.96600000000001,119.96600000000001,NoButton,Move,328,409
119.983,119.983,NoButton,Move,329,415
119.99900000000001,119.99900000000001,NoButton,Move,329,417
120.016,120.016,NoButton,Move,330,418
120.033,120.033,NoButton,Move,330,418
120.283,120.283,NoButton,Move,330,418
120.289,120.289,NoButton,Move,334,419
120.299,120.299,NoButton,Move,338,422
120.319,120.319,NoButton,Move,350,433
120.336,120.336,NoButton,Move,374,452
120.352,120.352,NoButton,Move,410,484
120.369,120.369,NoButton,Move,438,509
120.386,120.386,NoButton,Move,472,540
120.403,120.403,NoButton,Move,493,559
120.42,120.42,NoButton,Move,513,576
120.436,120.436,NoButton,Move,521,582
120.453,120.453,NoButton,Move,529,589
120.46900000000001,120.46900000000001,NoButton,Move,530,590
120.485,120.485,NoButton,Move,532,591
120.503,120.503,NoButton,Move,532,591
120.71900000000001,120.71900000000001,NoButton,Move,532,591
120.726,120.726,NoButton,Move,535,593
120.736,120.736,NoButton,Move,538,596
120.755,120.755,NoButton,Move,545,602
120.772,120.772,NoButton,Move,553,610
120.788,120.788,NoButton,Move,572,629
120.805,120.805,NoButton,Move,591,648
120.82300000000001,120.82300000000001,NoButton,Move,604,661
120.839,120.839,NoButton,Move,619,675
120.85600000000001,120.85600000000001,NoButton,Move,625,682
120.872,120.872,NoButton,Move,630,687
120.89,120.89,NoButton,Move,633,689
120.906,120.906,NoButton,Move,634,690
120.923,120.923,NoButton,Move,634,691
120.939,120.939,NoButton,Move,634,691
121.08,121.08,NoButton,Move,633,691
121.08800000000001,121.08800000000001,NoButton,Move,628,689
121.10600000000001,121.10600000000001,NoButton,Move,611,681
121.123,121.123,NoButton,Move,582,667
121.139,121.139,NoButton,Move,523,642
121.154,121.154,NoButton,Move,471,623
121.17,121.17,NoButton,Move,390,594
121.186,121.186,NoButton,Move,300,569
121.202,121.202,NoButton,Move,275,566
121.218,121.218,NoButton,Move,247,562
121.23400000000001,121.23400000000001,NoButton,Move,230,560
121.25200000000001,121.25200000000001,NoButton,Move,224,559
121.268,121.268,NoButton,Move,223,559
121.535,121.535,NoButton,Move,223,559
121.54,121.54,NoButton,Move,220,559
121.55,121.55,NoButton,Move,216,559
121.568,121.568,NoButton,Move,206,559
121.584,121.584,NoButton,Move,182,558
121.605,121.605,NoButton,Move,153,557
121.62100000000001,121.62100000000001,NoButton,Move,121,553
121.638,121.638,NoButton,Move,99,550
121.655,121.655,NoButton,Move,82,546
121.672,121.672,NoButton,Move,71,545
121.689,121.689,NoButton,Move,66,544
121.706,121.706,NoButton,Move,66,543
121.72200000000001,121.72200000000001,NoButton,Move,66,543
121.906,121.906,NoButton,Move,66,543
121.912,121.912,NoButton,Move,66,536
121.923,121.923,NoButton,Move,64,525
121.939,121.939,NoButton,Move,60,504
121.955,121.955,NoButton,Move,55,464
121.971,121.971,NoButton,Move,45,396
121.992,121.992,NoButton,Move,40,328
122.009,122.009,NoButton,Move,39,305
122.025,122.025,NoButton,Move,38,282
122.042,122.042,NoButton,Move,38,263
122.06,122.06,NoButton,Move,38,257
122.07600000000001,122.07600000000001,NoButton,Move,38,255
122.11800000000001,122.11800000000001,NoButton,Move,38,255
122.126,122.126,NoButton,Move,38,257
122.31,122.31,NoButton,Move,39,257
122.316,122.316,NoButton,Move,43,257
122.327,122.327,NoButton,Move,48,257
122.343,122.343,NoButton,Move,63,255
122.35900000000001,122.35900000000001,NoButton,Move,90,253
122.376,122.376,NoButton,Move,136,251
122.396,122.396,NoButton,Move,184,249
122.413,122.413,NoButton,Move,216,248
122.43,122.43,NoButton,Move,250,247
122.447,122.447,NoButton,Move,268,246
122.464,122.464,NoButton,Move,279,246
122.48,122.48,NoButton,Move,287,245
122.497,122.497,NoButton,Move,291,245
122.513,122.513,NoButton,Move,293,245
122.53,122.53,NoButton,Move,293,245
122.706,122.706,NoButton,Move,294,245
122.712,122.712,NoButton,Move,299,245
122.72,122.72,NoButton,Move,306,244
122.73100000000001,122.73100000000001,NoButton,Move,316,244
122.747,122.747,NoButton,Move,329,242
122.763,122.763,NoButton,Move,376,240
122.778,122.778,NoButton,Move,389,240
122.794,122.794,NoButton,Move,447,237
122.81,122.81,NoButton,Move,486,234
122.82600000000001,122.82600000000001,NoButton,Move,509,232
122.843,122.843,NoButton,Move,524,230
122.85900000000001,122.85900000000001,NoButton,Move,537,228
122.876,122.876,NoButton,Move,543,228
122.892,122.892,NoButton,Move,546,227
122.909,122.909,NoButton,Move,547,227
122.926,122.926,NoButton,Move,547,227
123.495,123.495,NoButton,Move,547,228
123.50200000000001,123.50200000000001,NoButton,Move,548,233
123.515,123.515,NoButton,Move,554,245
123.532,123.532,NoButton,Move,565,267
123.547,123.547,NoButton,Move,574,288
123.565,123.565,NoButton,Move,580,304
123.581,123.581,NoButton,Move,585,318
123.598,123.598,NoButton,Move,587,325
123.61500000000001,123.61500000000001,NoButton,Move,588,328
123.632,123.632,NoButton,Move,589,329
123.648,123.648,NoButton,Move,589,330
123.664,123.664,NoButton,Move,589,330
123.85900000000001,123.85900000000001,NoButton,Move,589,331
123.866,123.866,NoButton,Move,586,339
123.882,123.882,NoButton,Move,582,348
123.898,123.898,NoButton,Move,571,374
123.915,123.915,NoButton,Move,552,425
123.93,123.93,NoButton,Move,545,443
123.947,123.947,NoButton,Move,538,462
123.96300000000001,123.96300000000001,NoButton,Move,534,471
123.979,123.979,NoButton,Move,531,479
123.99600000000001,123.99600000000001,NoButton,Move,530,482
124.013,124.013,NoButton,Move,530,482
124.029,124.029,NoButton,Move,530,483
124.25500000000001,124.25500000000001,NoButton,Move,529,483
124.263,124.263,NoButton,Move,525,481
124.279,124.279,NoButton,Move,516,473
124.296,124.296,NoButton,Move,495,457
124.313,124.313,NoButton,Move,441,413
124.32600000000001,124.32600000000001,NoButton,Move,412,392
124.343,124.343,NoButton,Move,366,361
124.358,124.358,NoButton,Move,325,334
124.375,124.375,NoButton,Move,280,306
124.391,124.391,NoButton,Move,258,293
124.409,124.409,NoButton,Move,247,288
124.424,124.424,NoButton,Move,240,284
124.442,124.442,NoButton,Move,238,282
124.458,124.458,NoButton,Move,238,281
124.65,124.65,NoButton,Move,237,281
124.657,124.657,NoButton,Move,232,278
124.675,124.675,NoButton,Move,227,272
124.691,124.691,NoButton,Move,213,258
124.708,124.708,NoButton,Move,177,207
124.72200000000001,124.72200000000001,NoButton,Move,163,182
124.739,124.739,NoButton,Move,147,144
124.754,124.754,NoButton,Move,135,113
124.77,124.77,NoButton,Move,128,94
124.787,124.787,NoButton,Move,124,81
124.804,124.804,NoButton,Move,122,76
124.82000000000002,124.82000000000002,NoButton,Move,121,74
124.837,124.837,NoButton,Move,121,74
125.03,125.03,NoButton,Move,120,74
125.036,125.036,NoButton,Move,119,73
125.054,125.054,NoButton,Move,117,71
125.071,125.071,NoButton,Move,113,68
125.087,125.087,NoButton,Move,108,64
125.102,125.102,NoButton,Move,107,62
125.11800000000001,125.11800000000001,NoButton,Move,104,59
125.133,125.133,NoButton,Move,102,57
125.149,125.149,NoButton,Move,102,57
125.168,125.168,NoButton,Move,103,57
125.182,125.182,NoButton,Move,107,57
125.199,125.199,NoButton,Move,125,61
125.21600000000001,125.21600000000001,NoButton,Move,161,69
125.233,125.233,NoButton,Move,214,81
125.25,125.25,NoButton,Move,279,96
125.266,125.266,NoButton,Move,341,110
125.283,125.283,NoButton,Move,381,116
125.299,125.299,NoButton,Move,420,121
125.316,125.316,NoButton,Move,440,123
125.333,125.333,NoButton,Move,454,125
125.35000000000001,125.35000000000001,NoButton,Move,466,126
125.366,125.366,NoButton,Move,471,127
125.383,125.383,NoButton,Move,473,128
125.533,125.533,NoButton,Move,473,128
125.539,125.539,NoButton,Move,478,128
125.549,125.549,NoButton,Move,484,128
125.569,125.569,NoButton,Move,495,128
125.58500000000001,125.58500000000001,NoButton,Move,513,128
125.60000000000001,125.60000000000001,NoButton,Move,545,128
125.619,125.619,NoButton,Move,576,128
125.636,125.636,NoButton,Move,615,128
125.653,125.653,NoButton,Move,636,128
125.669,125.669,NoButton,Move,655,128
125.686,125.686,NoButton,Move,664,128
125.703,125.703,NoButton,Move,672,127
125.71900000000001,125.71900000000001,NoButton,Move,675,127
125.736,125.736,NoButton,Move,677,127
125.754,125.754,NoButton,Move,677,127
125.912,125.912,NoButton,Move,677,127
125.92,125.92,NoButton,Move,674,133
125.936,125.936,NoButton,Move,666,153
125.953,125.953,NoButton,Move,655,183
125.96900000000001,125.96900000000001,NoButton,Move,636,233
125.98400000000001,125.98400000000001,NoButton,Move,612,301
126,126,NoButton,Move,607,314
126.016,126.016,NoButton,Move,592,365
126.032,126.032,NoButton,Move,585,388
126.049,126.049,NoButton,Move,581,403
126.065,126.065,NoButton,Move,578,413
126.08200000000001,126.08200000000001,NoButton,Move,577,417
126.099,126.099,NoButton,Move,576,418
126.11500000000001,126.11500000000001,NoButton,Move,576,419
126.132,126.132,NoButton,Move,577,419
126.3,126.3,NoButton,Move,576,419
126.305,126.305,NoButton,Move,572,424
126.316,126.316,NoButton,Move,566,428
126.33200000000001,126.33200000000001,NoButton,Move,552,438
126.349,126.349,NoButton,Move,529,451
126.36500000000001,126.36500000000001,NoButton,Move,488,473
126.386,126.386,NoButton,Move,456,488
126.402,126.402,NoButton,Move,434,498
126.42,126.42,NoButton,Move,411,508
126.437,126.437,NoButton,Move,401,512
126.453,126.453,NoButton,Move,395,514
126.46900000000001,126.46900000000001,NoButton,Move,392,515
126.637,126.637,NoButton,Move,391,515
126.642,126.642,NoButton,Move,385,512
126.653,126.653,NoButton,Move,380,508
126.67,126.67,NoButton,Move,366,493
126.687,126.687,NoButton,Move,347,469
126.703,126.703,NoButton,Move,317,431
126.723,126.723,NoButton,Move,288,393
126.739,126.739,NoButton,Move,258,353
126.757,126.757,NoButton,Move,242,332
126.774,126.774,NoButton,Move,227,313
126.791,126.791,NoButton,Move,210,291
126.807,126.807,NoButton,Move,198,276
126.824,126.824,NoButton,Move,190,265
126.84,126.84,NoButton,Move,181,252
126.857,126.857,NoButton,Move,176,245
126.87400000000001,126.87400000000001,NoButton,Move,172,240
126.89,126.89,NoButton,Move,169,237
126.908,126.908,NoButton,Move,167,235
126.923,126.923,NoButton,Move,165,233
126.94,126.94,NoButton,Move,161,230
126.95700000000001,126.95700000000001,NoButton,Move,158,226
126.973,126.973,NoButton,Move,153,221
126.99000000000001,126.99000000000001,NoButton,Move,149,215
127.007,127.007,NoButton,Move,145,210
127.024,127.024,NoButton,Move,142,206
127.04,127.04,NoButton,Move,137,200
127.057,127.057,NoButton,Move,132,195
127.07300000000001,127.07300000000001,NoButton,Move,128,189
127.09,127.09,NoButton,Move,123,183
127.107,127.107,NoButton,Move,119,180
127.12400000000001,127.12400000000001,NoButton,Move,115,176
127.14,127.14,NoButton,Move,113,172
127.157,127.157,NoButton,Move,110,170
127.173,127.173,NoButton,Move,107,166
127.19,127.19,NoButton,Move,106,166
127.20700000000001,127.20700000000001,NoButton,Move,105,164
127.224,127.224,NoButton,Move,104,164
127.24000000000001,127.24000000000001,NoButton,Move,104,164
127.256,127.256,NoButton,Move,104,164
127.274,127.274,NoButton,Move,104,163
127.29,127.29,NoButton,Move,103,163
127.307,127.307,NoButton,Move,102,161
127.32300000000001,127.32300000000001,NoButton,Move,101,160
127.34,127.34,NoButton,Move,101,158
127.357,127.357,NoButton,Move,99,155
127.373,127.373,NoButton,Move,98,153
127.39,127.39,NoButton,Move,97,151
127.407,127.407,NoButton,Move,96,150
127.424,127.424,NoButton,Move,96,149
127.44,127.44,NoButton,Move,96,149
127.45700000000001,127.45700000000001,NoButton,Move,95,148
127.473,127.473,NoButton,Move,95,148
127.49000000000001,127.49000000000001,NoButton,Move,95,148
127.507,127.507,NoButton,Move,94,148
127.524,127.524,NoButton,Move,94,148
127.565,127.565,Left,Pressed,94,148
